LocationID,frontier,agglomeration_economies,investment_location,crop_type1,crop_type,crop_group,exp_farm_samecrop,exp_farm_othercrop,exp_region,no_farm_or_reg_exp,no_farm_exp,experience,export_marketcontrol,local_marketcontrol,no_market_control,market_control,skillset_exp_estab,soil_type,altitude,irrigation,other_agroecology,agroecology3,agroecology2,agroecology1,bureaucracy,political_stability,rule_law,governance,labor_skillset,labor_cost,labor_availability,labor_access_quality,distance_marketanddisthubs,proximity_internationalmarket,market_distance,processing_and_storage,utilities,transportmeans_logisservices,transportmeans_infrastructure,transportmeans,infrastructure_logistics,processing_utilities,ag_policy,trade_policy,investment_policy,land_policy,policy_environment,population_density,land_extent,brownfield,land_price,title_deed,land_avail_access,socio_cultural_subdued,being_african,historical_ties,language_ties,culture,socio_cultural,other_inputs_subdued,inputsupplies,GMOs,forestry_wood_access,lack_mechanization,other_inputs,economic_financial_subdued,agriprop_GDP,longterminvestment,cashflow,availability_of_money,economic_financial,other_operational_reasons_subdued,operational_cost,strong_local_partners,insitu_experience,technical_capacity,operational_reasons,impact_subdued,conservation_value,socioeconomic_impact,impact,pioneering_spirit,product_price,demand_population,traditional_growingarea,guaranteed_market,timing_market,other_market_drivers_subdued,market_drivers,vertical_integration,competitive_advantage,diversification,upstream_dowonstream_balance,other_strategic_subdued,strategic,POPDENS2000,POPDENS2010,POPCHANGE,MARKETACTIVITY,FIELDSIZEFULL,FIELDSIZE,FIELDCALC,LARGEAG,GRIPDENS,CITYACCESS,GDPCAP,UNCONVERTEDLAND
1,NA,NA,NA,other,other_agriculture,other,yes,no,no,yes,yes,limited,no,no,no,none,limited,low,low,low,low,low,low,low,low,low,low,low,low,low,low,low,low,high,high,low,low,high,high,high,high,low,low,low,low,low,low,low,high,low,low,low,high,low,low,low,low,low,low,low,low,low,low,low,low,low,low,low,low,low,low,low,low,low,low,low,low,low,low,low,low,low,low,low,low,low,low,low,low,low,low,low,low,low,low,121.6793055,160.3534476,38.67414207,0.13070294,2531.720068,3505.979846,3.97984569,0.003576457,108.7083333,61.31426004,1529.893799,0.003792438
2,NA,NA,NA,cash_crops,other_agriculture,cash_crops,no,NA,NA,NA,NA,NA,NA,NA,NA,NA,limited,low,low,low,low,low,low,low,low,low,low,low,low,low,NA,NA,NA,NA,NA,NA,NA,NA,NA,NA,NA,NA,low,low,low,NA,NA,NA,NA,low,NA,low,low,low,low,low,low,NA,low,low,NA,NA,NA,NA,NA,low,NA,NA,NA,low,low,low,NA,low,low,low,low,high,high,high,high,low,NA,NA,low,low,low,low,low,low,low,low,low,low,low,19.35090533,25.76808963,6.417184302,0.063410204,1387.194596,3506,4,0,97.91836735,106.7754745,674.7517554,0.128113419
3,NA,NA,NA,cash_crops,other_agriculture,cash_crops,NA,NA,NA,NA,NA,NA,NA,NA,NA,NA,limited,NA,NA,NA,NA,NA,NA,NA,NA,NA,NA,NA,NA,NA,NA,NA,NA,NA,NA,NA,NA,NA,NA,NA,NA,NA,NA,NA,NA,NA,NA,NA,NA,NA,NA,low,NA,low,NA,NA,NA,NA,NA,low,NA,NA,NA,NA,NA,low,NA,NA,NA,NA,NA,low,NA,NA,low,low,NA,low,NA,NA,NA,low,NA,NA,low,low,low,low,NA,NA,low,low,low,low,NA,11.50650388,15.45249539,3.945991511,6.46E-05,54.18665454,3505,3,0.038881171,51.20408163,238.2492555,2894.746841,0.166824836
4,NA,NA,NA,cash_crops,other_agriculture,cash_crops,NA,NA,NA,NA,NA,NA,NA,NA,NA,NA,limited,NA,NA,NA,NA,NA,NA,NA,NA,NA,NA,NA,NA,NA,NA,NA,NA,NA,NA,NA,NA,NA,NA,NA,NA,NA,NA,NA,NA,NA,NA,NA,NA,NA,NA,low,NA,low,NA,NA,NA,NA,NA,low,NA,NA,NA,NA,NA,low,NA,NA,NA,NA,NA,low,NA,NA,low,low,NA,low,low,low,low,low,NA,NA,low,low,low,low,NA,NA,low,low,low,low,NA,7.121714427,9.564004873,2.442290446,0,231.2875341,3506,4,0,0.285714286,495.2682563,2961.669261,0.098595674
5,NA,NA,NA,cash_crops,other_agriculture,cash_crops,NA,NA,NA,NA,NA,NA,NA,NA,NA,NA,limited,NA,NA,NA,NA,NA,NA,NA,NA,NA,NA,NA,NA,NA,NA,NA,NA,NA,NA,NA,NA,NA,NA,NA,NA,NA,NA,NA,NA,NA,NA,NA,NA,NA,NA,low,NA,low,NA,NA,NA,NA,NA,low,NA,NA,NA,NA,NA,low,NA,NA,NA,NA,NA,low,NA,NA,low,low,NA,low,low,low,low,low,NA,NA,low,low,low,low,NA,NA,low,low,low,low,NA,27.29390132,36.65395572,9.360054405,0.099815219,2428.235374,3505.946531,3.94653108,0.006646896,113.16,85.38842232,3078.766357,0.093958328
6,NA,NA,NA,cash_crops,other_agriculture,cash_crops,NA,NA,NA,NA,NA,NA,NA,NA,NA,NA,limited,NA,NA,NA,NA,NA,NA,NA,NA,NA,NA,NA,NA,NA,NA,NA,NA,NA,NA,NA,NA,NA,NA,NA,NA,NA,NA,NA,NA,NA,NA,NA,NA,NA,NA,low,NA,low,NA,NA,NA,NA,NA,low,NA,NA,NA,NA,NA,low,NA,NA,NA,NA,NA,low,NA,NA,low,low,NA,low,low,low,low,low,NA,NA,low,low,low,low,NA,NA,low,low,low,low,NA,20.7606088,27.88016367,7.11955487,2.04E-06,1610.606322,3505.859406,3.85940594,0.015682312,54.2826087,170.621533,3078.766357,0.117665889
7,NA,NA,NA,high_value_food_crops,high_value_food_crops,high_value_food_crops,yes,yes,yes,yes,yes,extensive,no,yes,yes,limited,extensive,low,high,high,high,high,high,high,low,low,low,low,low,low,low,low,low,low,low,low,high,low,low,low,high,high,low,low,low,low,low,low,high,high,high,low,high,low,low,low,low,low,low,low,low,low,low,low,low,high,high,low,low,low,high,high,low,low,high,low,high,high,low,high,high,high,high,high,low,high,low,high,high,low,low,low,low,low,low,30.16283843,39.72540924,9.562570805,0,1649.929171,3506,4,0,145.8222222,54.44474313,3490.963327,0.116288574
8,NA,NA,NA,cash_crops,other_agriculture,cash_crops,no,no,yes,yes,no,limited,NA,NA,no,NA,limited,low,low,low,low,low,low,low,low,low,low,low,low,low,low,low,low,low,low,low,low,low,low,low,low,low,low,low,low,low,low,low,low,high,low,low,high,low,low,low,low,low,low,low,low,low,low,low,low,low,low,low,low,low,low,low,low,low,low,low,low,low,low,low,low,low,low,low,low,low,low,low,low,low,low,low,low,low,low,19.90348955,26.72910762,6.825618072,0.0022,1752.402726,3506,4,0,28.7173913,215.5717718,2686.78968,0.047187497
9,NA,NA,NA,high_value_food_crops,high_value_food_crops,high_value_food_crops,no,yes,yes,yes,yes,limited,NA,NA,no,NA,limited,high,low,high,low,low,high,high,low,low,low,low,low,low,low,low,low,low,low,low,low,low,low,low,low,low,low,low,low,low,low,low,low,low,low,low,low,low,low,low,low,low,low,low,low,low,low,low,low,high,high,low,low,low,high,high,low,low,high,low,high,high,high,low,high,low,low,high,low,low,low,low,high,low,low,low,low,low,low,100.8599159,135.4483865,34.58847055,0.09336,1782.279741,3506,4,0,35.23913043,60.19522388,2805.398438,0.095111877
10,NA,NA,NA,high_value_food_crops,high_value_food_crops,high_value_food_crops,yes,yes,yes,yes,yes,extensive,NA,NA,no,NA,limited,high,high,low,low,low,high,high,low,low,low,low,low,low,low,low,low,low,low,low,low,low,low,low,low,low,low,low,low,low,low,low,low,high,low,low,high,low,low,low,low,low,low,low,low,low,low,low,low,low,low,low,low,low,low,low,low,low,low,low,low,low,low,low,low,low,low,high,low,low,low,low,high,low,low,low,low,low,low,161.8911256,217.4074902,55.51636463,0.252591487,1257.808339,3505.772324,3.77232426,0.022971357,106.893617,51.79716269,2848.175257,0.084236106
11,NA,NA,NA,high_value_food_crops,high_value_food_crops,high_value_food_crops,no,no,no,no,no,none,no,no,no,none,none,high,high,high,low,high,high,high,low,low,low,low,low,low,low,low,low,low,low,low,low,low,low,low,low,low,low,low,low,high,high,low,high,low,low,low,high,high,low,low,high,low,high,low,low,low,low,low,low,low,low,low,low,low,low,low,low,low,low,low,low,low,low,low,low,low,low,low,low,low,low,low,low,low,low,low,low,low,low,17.78103922,23.67762105,5.896581828,0.112559183,252.9035556,3506,4,0,102.244898,79.82072509,832.0219116,0.162368818
12,NA,NA,NA,high_value_food_crops,high_value_food_crops,high_value_food_crops,no,yes,yes,yes,yes,limited,yes,no,yes,extensive,extensive,high,high,high,high,high,high,high,low,low,low,low,low,low,low,low,low,low,low,low,low,low,low,low,low,low,low,low,low,low,low,low,high,low,low,low,high,low,low,low,low,low,low,low,low,low,low,low,low,low,low,low,low,low,low,low,low,low,low,low,low,low,low,low,low,low,low,low,low,low,low,low,low,low,high,high,low,high,high,59.23190559,78.87450225,19.64259666,0.111114584,2090.360783,3506,4,0,56.67346939,87.40624089,613.8214722,0.100289346
14,NA,NA,NA,other,other_agriculture,other,yes,no,no,yes,yes,limited,yes,no,yes,extensive,extensive,low,low,high,low,low,low,high,low,low,low,low,low,high,low,high,high,low,high,low,high,high,high,high,high,high,low,low,high,low,high,low,low,low,high,low,high,low,low,low,low,low,low,low,low,low,low,low,low,low,low,low,low,low,low,low,low,low,low,low,low,low,low,low,low,low,low,low,low,low,low,low,low,low,low,low,low,low,low,121.2037708,159.7267703,38.52299953,0.151818918,2717.013177,3505.990472,3.990472,0.001786059,119.8723404,58.07093685,1529.893799,0.003344907
15,NA,NA,NA,other,other_agriculture,other,yes,no,no,yes,yes,limited,yes,no,yes,extensive,extensive,low,low,high,low,low,low,high,low,low,low,low,low,high,low,high,high,low,high,low,high,high,high,high,high,high,low,low,high,low,high,low,low,low,high,low,high,low,low,low,low,low,low,low,low,low,low,low,low,low,low,low,low,low,low,low,low,low,low,low,low,low,low,low,low,low,low,low,low,low,low,low,low,low,low,low,low,low,low,117.9872088,155.487867,37.50065818,0.128664704,2561.236663,3505.9812,3.9811995,0.003341731,119.4468085,66.04796163,1529.893799,0.003641975
16,NA,NA,NA,cash_crops,other_agriculture,cash_crops,no,no,yes,yes,no,limited,no,yes,yes,limited,limited,low,low,low,low,low,low,low,low,low,low,low,low,low,low,low,low,low,low,low,low,low,low,low,low,low,low,low,low,low,low,low,low,low,high,low,high,low,low,low,low,low,low,low,low,low,low,low,low,low,low,low,low,low,low,low,low,low,low,low,low,low,low,low,low,low,low,high,low,high,low,high,high,high,low,low,low,low,high,53.87946618,71.74707671,17.86761053,0.188172001,2894.28901,3505.898816,3.89881608,0.013718384,119.326087,55.78981454,614.7527466,0.096577927
17,NA,NA,NA,high_value_food_crops,high_value_food_crops,high_value_food_crops,yes,no,no,yes,yes,limited,yes,no,yes,extensive,extensive,low,low,high,low,low,low,high,low,low,low,low,low,high,high,high,low,low,low,low,low,low,low,low,low,low,low,low,low,high,high,low,high,low,low,low,high,low,low,low,low,low,low,low,low,low,low,low,low,low,low,low,low,low,low,low,low,low,low,low,low,low,low,low,low,low,low,low,low,low,low,low,low,low,low,low,low,low,low,11.90436138,15.68800335,3.783641971,0,1.194955692,3506,4,0,63.85106383,162.0445175,1529.893799,0.19519289
18,NA,NA,NA,cash_crops,other_agriculture,cash_crops,no,yes,yes,yes,yes,limited,no,no,no,none,limited,low,high,high,low,low,high,high,low,low,low,low,low,low,low,low,high,low,high,low,low,low,high,high,high,low,low,low,low,low,low,low,high,low,low,low,high,low,low,low,low,low,low,low,low,low,low,low,low,low,low,low,low,low,low,low,low,low,low,low,low,high,low,high,high,low,low,high,low,low,low,low,high,low,low,low,low,low,low,19.06676369,25.38972035,6.322956662,0.036473999,1724.745062,3506,4,0,75.92,89.70312044,621.6964597,0.134683635
19,NA,NA,NA,high_value_food_crops,high_value_food_crops,high_value_food_crops,yes,yes,yes,yes,yes,extensive,yes,NA,yes,NA,limited,high,low,high,high,high,high,high,low,high,low,high,high,low,low,high,low,low,low,low,high,high,low,high,high,high,low,low,low,low,low,low,high,low,low,low,high,low,low,low,low,low,low,low,low,low,low,low,low,low,low,low,low,low,low,low,low,low,low,low,low,low,low,low,low,low,low,high,low,low,high,high,high,low,low,low,low,low,low,75.60635476,100.6790757,25.07272093,0.160320832,301.9940909,3506,4,0,106.375,62.61082474,832.0219116,0.120524685
20,NA,NA,NA,high_value_food_crops,high_value_food_crops,high_value_food_crops,yes,yes,yes,yes,yes,extensive,yes,no,yes,extensive,extensive,low,high,high,low,low,high,high,low,low,low,low,high,high,low,high,low,low,low,low,low,low,low,low,low,low,high,high,low,low,high,low,high,low,high,low,high,low,low,low,low,low,low,low,low,low,low,low,low,low,low,low,low,low,low,low,low,low,low,low,low,low,low,low,low,low,low,low,high,low,low,low,high,low,high,low,low,low,high,42.53951687,55.93092391,13.39140704,2.04E-06,591.7097691,3506,4,0,98.64583333,53.4681358,3657.559326,0.1399074
21,NA,NA,NA,high_value_food_crops,high_value_food_crops,high_value_food_crops,yes,yes,yes,yes,yes,extensive,yes,no,yes,extensive,extensive,low,high,high,low,low,high,high,low,low,low,low,high,high,low,high,low,low,low,low,low,low,low,low,low,low,high,high,low,low,high,low,high,low,high,low,high,low,low,low,low,low,low,low,low,low,low,low,low,low,low,low,low,low,low,low,low,low,low,low,low,low,low,low,low,low,low,low,high,low,low,low,high,low,high,low,low,low,high,15.03373891,19.76634827,4.732609356,0,206.4224617,3506,4,0,53.70833333,71.70577725,3657.559326,0.17021604
22,NA,NA,NA,high_value_food_crops,high_value_food_crops,high_value_food_crops,yes,yes,yes,yes,yes,extensive,yes,no,yes,extensive,extensive,low,high,high,low,low,high,high,low,low,low,low,high,high,low,high,low,low,low,low,low,low,low,low,low,low,high,high,low,low,high,low,high,low,high,low,high,low,low,low,low,low,low,low,low,low,low,low,low,low,low,low,low,low,low,low,low,low,low,low,low,low,low,low,low,low,low,low,high,low,low,low,high,low,high,low,low,low,high,13.09353211,17.21536583,4.121833719,0,117.7417744,3506,4,0,55.46,74.7498511,3657.559326,0.176732243
23,NA,NA,NA,high_value_food_crops,high_value_food_crops,high_value_food_crops,yes,yes,yes,yes,yes,extensive,yes,no,yes,extensive,extensive,low,high,high,low,low,high,high,low,low,low,low,high,high,low,high,low,low,low,low,low,low,low,low,low,low,high,high,low,low,high,low,high,low,high,low,high,low,low,low,low,low,low,low,low,low,low,low,low,low,low,low,low,low,low,low,low,low,low,low,low,low,low,low,low,low,low,low,high,low,low,low,high,low,high,low,low,low,high,30.62765874,40.35959863,9.731939893,0,1651.218043,3506,4,0,145.0212766,59.85551899,3415.015151,0.111006938
24,NA,NA,NA,high_value_food_crops,high_value_food_crops,high_value_food_crops,yes,yes,yes,yes,yes,extensive,yes,no,yes,extensive,extensive,low,low,high,low,low,low,high,low,low,low,low,low,low,low,low,low,low,low,low,low,low,low,low,low,low,low,low,low,low,low,low,low,high,low,high,high,low,low,low,low,low,low,low,low,low,low,low,low,low,low,low,low,low,low,high,low,low,high,low,high,low,low,low,low,low,low,low,high,low,low,low,high,low,high,low,high,high,high,30.12372973,40.45423348,10.33050375,0.093661224,2712.38728,3505.955666,3.95566647,0.003867895,65.36956522,96.49050445,2721.552002,0.141431319
25,NA,NA,NA,cash_crops,other_agriculture,cash_crops,no,no,no,no,no,none,no,no,no,none,none,low,low,low,low,low,low,low,low,low,low,low,low,low,low,low,high,low,high,low,low,low,high,high,high,low,low,low,low,low,low,low,low,low,low,low,low,low,low,low,low,low,low,low,low,low,low,low,low,low,low,low,low,low,low,low,low,low,low,low,low,low,low,low,low,low,low,low,low,low,low,low,low,low,low,low,low,low,low,33.42332179,44.88537362,11.46205183,0.119031915,2.788522727,3505.571429,3.57142857,0.065132272,48.26,102.2733554,2338.365967,0.04356867
26,NA,NA,NA,cash_crops,other_agriculture,cash_crops,no,no,no,no,no,none,no,no,no,none,none,low,low,low,low,low,low,low,low,low,low,low,low,low,low,low,high,low,high,low,low,low,high,high,high,low,low,low,low,low,low,low,low,low,low,low,low,low,low,low,low,low,low,low,low,low,low,low,low,low,low,low,low,low,low,low,low,low,low,low,low,low,low,low,low,low,low,low,low,low,low,low,low,low,low,low,low,low,low,26.32612776,35.35429801,9.028170251,0.080715217,0.398114493,3505,3,0.151666658,37,139.2394958,2338.365967,0.028969906
27,NA,NA,NA,cash_crops,other_agriculture,cash_crops,no,no,no,no,no,none,no,no,no,none,none,high,low,high,low,low,high,high,low,low,low,low,low,low,low,low,low,low,low,low,low,low,low,low,low,low,low,low,high,high,high,low,high,low,low,low,high,low,low,low,low,low,low,low,low,low,low,low,low,low,low,low,low,low,low,low,low,low,low,low,low,low,low,low,low,low,low,low,low,low,low,low,low,low,low,low,low,low,low,5.817410376,7.648726671,1.831316295,0.169956522,1589.560127,3505,3,0.020895061,79.12244898,148.2567251,3657.559326,0.205775452
28,NA,NA,NA,cash_crops,other_agriculture,cash_crops,no,yes,NA,yes,yes,NA,no,NA,no,NA,limited,low,low,low,low,low,low,low,low,low,low,low,high,low,low,high,high,high,high,low,low,low,low,low,low,low,low,low,high,low,high,low,low,high,high,low,high,low,low,low,low,low,low,high,high,low,low,low,high,low,low,low,low,low,low,high,low,high,low,low,high,low,low,low,low,low,high,high,low,low,low,low,high,high,low,low,low,low,high,27.23364482,36.5730351,9.339390276,0.013314583,1948.646919,3505.416088,3.4160882,0.060855681,27.95918367,101.1494322,2805.398438,0.081628082
29,NA,NA,NA,cash_crops,other_agriculture,cash_crops,no,yes,yes,yes,yes,limited,no,no,no,none,limited,low,low,high,low,low,low,high,low,low,low,low,low,high,low,high,high,low,high,low,low,low,low,low,low,low,low,low,low,high,high,low,high,high,low,low,high,high,high,low,low,low,high,low,low,low,low,low,low,high,low,low,low,high,high,low,low,low,low,low,low,low,low,low,low,low,low,low,low,low,low,low,low,high,low,low,low,low,high,26.61523157,34.99368575,8.37845418,0.091202127,2308.478187,3505.127652,3.12765223,0.109440599,110.787234,56.81942029,3657.559326,0.081469903
30,NA,NA,NA,cash_crops,other_agriculture,cash_crops,no,yes,yes,yes,yes,limited,no,no,no,none,limited,low,low,high,low,low,low,high,low,low,low,low,low,high,low,high,high,low,high,low,low,low,low,low,low,low,low,low,low,high,high,low,high,high,low,low,high,high,high,low,low,low,high,low,low,low,low,low,low,high,low,low,low,high,high,low,low,low,low,low,low,low,low,low,low,low,low,low,low,low,low,low,low,high,low,low,low,low,high,24.84525851,32.66652647,7.821267966,0.164968749,2127.379063,3505.652931,3.65293126,0.038426613,162.4693878,52.76550725,3657.559326,0.100922062
31,NA,NA,NA,cash_crops,other_agriculture,cash_crops,no,yes,yes,yes,yes,limited,no,no,no,none,limited,high,low,high,low,low,high,high,low,low,low,low,low,high,high,high,high,high,high,low,low,low,high,high,high,low,low,low,low,high,high,low,low,low,low,low,low,low,low,low,low,low,low,low,low,low,low,low,low,low,low,low,low,low,low,low,low,low,low,low,low,low,low,low,low,low,low,low,low,low,low,low,low,low,low,low,low,low,low,70.25734202,93.55621518,23.29887316,0.038178723,1092.30757,3506,4,0,96.06122449,52.39239766,800.2397461,0.019039351
32,NA,NA,NA,cash_crops,other_agriculture,cash_crops,no,yes,yes,yes,yes,limited,no,no,no,none,limited,high,low,high,low,low,high,high,low,low,low,low,low,high,high,high,high,high,high,low,low,low,high,high,high,low,low,low,low,high,high,low,low,low,low,low,low,low,low,low,low,low,low,low,low,low,low,low,low,low,low,low,low,low,low,low,low,low,low,low,low,low,low,low,low,low,low,low,low,low,low,low,low,low,low,low,low,low,low,59.95034299,79.83118953,19.88084654,0.039859184,573.1880109,3506,4,0,77.34693878,50.81195079,800.2397461,0.040752313
33,NA,NA,NA,cash_crops,other_agriculture,cash_crops,yes,yes,yes,yes,yes,extensive,yes,no,yes,extensive,extensive,high,high,low,low,low,high,high,low,low,low,low,low,low,low,low,high,low,high,high,low,low,low,low,high,high,low,low,high,low,high,low,low,high,low,low,high,low,low,low,low,low,low,high,low,low,high,low,high,low,low,low,low,low,low,low,low,low,low,low,low,low,low,low,low,low,low,low,low,low,low,low,low,high,low,low,low,low,high,35.03222624,46.63674263,11.60451639,0.103180435,2724.938673,3506,4,0,74.45652174,173.3343074,790.659078,0.114938265
34,NA,NA,NA,cash_crops,other_agriculture,cash_crops,yes,yes,yes,yes,yes,extensive,yes,no,yes,extensive,extensive,high,high,low,low,low,high,high,low,low,low,low,low,low,low,low,high,low,high,high,low,low,low,low,high,high,low,low,high,low,high,low,low,high,low,low,high,low,low,low,low,low,low,high,low,low,high,low,high,low,low,low,low,low,low,low,low,low,low,low,low,low,low,low,low,low,low,low,low,low,low,low,low,high,low,low,low,low,high,41.3321374,55.0387788,13.7066414,0.074952083,2245.433409,3505.999645,3.99964514,3.31E-05,56.2244898,209.2984507,746.2000122,0.14310956
35,NA,NA,NA,cash_crops,other_agriculture,cash_crops,yes,yes,yes,yes,yes,extensive,yes,no,yes,extensive,extensive,high,high,low,low,low,high,high,low,low,low,low,low,low,low,low,high,low,high,high,low,low,low,low,high,high,low,low,high,low,high,low,low,high,low,low,high,low,low,low,low,low,low,high,low,low,high,low,high,low,low,low,low,low,low,low,low,low,low,low,low,low,low,low,low,low,low,low,low,low,low,low,low,high,low,low,low,low,high,3.101537288,4.130074967,1.028537679,0.000122917,363.2168771,3505.780461,3.78046103,0.001678728,103.0416667,194.0117959,614.7527466,0.221504617
36,NA,NA,NA,cash_crops,other_agriculture,cash_crops,yes,yes,yes,yes,yes,extensive,yes,no,yes,extensive,extensive,high,high,low,low,low,high,high,low,low,low,low,low,low,low,low,high,low,high,high,low,low,low,low,high,high,low,low,high,low,high,low,low,high,low,low,high,low,low,low,low,low,low,high,low,low,high,low,high,low,low,low,low,low,low,low,low,low,low,low,low,low,low,low,low,low,low,low,low,low,low,low,low,high,low,low,low,low,high,2.150909091,2.864197706,0.713288615,0.000158333,649.2656977,3505.875536,3.87553648,0.001910169,124.0612245,144.7541274,614.7527466,0.206685945
37,NA,NA,NA,cash_crops,other_agriculture,cash_crops,yes,yes,yes,yes,yes,extensive,yes,no,yes,extensive,extensive,high,high,low,low,low,high,high,low,low,low,low,low,low,low,low,high,low,high,high,low,low,low,low,high,high,low,low,high,low,high,low,low,high,low,low,high,low,low,low,low,low,low,high,low,low,high,low,high,low,low,low,low,low,low,low,low,low,low,low,low,low,low,low,low,low,low,low,low,low,low,low,low,high,low,low,low,low,high,3.28449008,4.373698947,1.089208867,0.00058913,660.0141933,3505.877563,3.87756333,0.001939525,112.755102,143.6928949,614.7527466,0.20837576
39,NA,NA,NA,cash_crops,other_agriculture,cash_crops,yes,yes,yes,yes,yes,extensive,yes,no,yes,extensive,extensive,high,high,low,low,low,high,high,low,low,low,low,low,low,low,low,high,low,high,high,low,low,low,low,high,high,low,low,high,low,high,low,low,high,low,low,high,low,low,low,low,low,low,high,low,low,high,low,high,low,low,low,low,low,low,low,low,low,low,low,low,low,low,low,low,low,low,low,low,low,low,low,low,high,low,low,low,low,high,4.364347553,5.811660778,1.447313225,0.001037778,651.1993862,3505.875765,3.87576499,0.001953634,99.09803922,146.5841672,614.7527466,0.209618044
40,NA,NA,NA,cash_crops,other_agriculture,cash_crops,yes,yes,yes,yes,yes,extensive,NA,yes,yes,NA,limited,NA,NA,NA,NA,NA,NA,NA,NA,NA,NA,NA,NA,NA,NA,NA,NA,NA,NA,NA,NA,NA,NA,NA,NA,NA,NA,NA,NA,NA,NA,NA,high,high,NA,low,NA,low,NA,NA,NA,NA,NA,low,NA,NA,NA,NA,NA,low,NA,NA,NA,NA,NA,high,low,low,high,low,high,high,low,high,high,low,NA,high,low,low,low,low,NA,NA,low,low,low,low,NA,4.420116541,5.824991487,1.404874946,0,200.5365022,3506,4,0,57.91489362,162.3322359,1529.893799,0.192727613
41,NA,NA,NA,forestry,forestry,plantation_forestry,yes,no,yes,yes,yes,extensive,yes,yes,yes,extensive,extensive,low,low,low,low,low,low,low,low,low,low,low,low,low,low,low,high,high,high,low,low,low,low,low,low,low,low,low,low,low,low,low,low,high,low,low,high,low,low,low,low,low,low,low,low,low,low,low,low,low,low,low,low,low,low,low,low,low,low,low,low,low,low,low,low,low,low,high,low,low,low,low,high,low,low,low,low,low,low,33.40351481,44.48085138,11.07733657,0.208520929,211.7370871,3506,4,0,157.58,70.75229095,855.7984161,0.08034336
42,NA,NA,NA,forestry,forestry,plantation_forestry,yes,no,yes,yes,yes,extensive,yes,yes,yes,extensive,extensive,low,low,low,low,low,low,low,low,low,low,low,low,low,low,low,high,high,high,low,low,low,low,low,low,low,low,low,low,low,low,low,low,high,low,low,high,low,low,low,low,low,low,low,low,low,low,low,low,low,low,low,low,low,low,low,low,low,low,low,low,low,low,low,low,low,low,high,low,low,low,low,high,low,low,low,low,low,low,44.02083502,58.6191074,14.59827238,0.211773912,258.5381207,3506,4,0,157.6122449,69.92197771,832.0219116,0.080092588
43,NA,NA,NA,forestry,forestry,plantation_forestry,yes,no,yes,yes,yes,extensive,yes,yes,yes,extensive,extensive,low,low,low,low,low,low,low,low,low,low,low,low,low,low,low,high,high,high,low,low,low,low,low,low,low,low,low,low,low,low,low,low,high,low,low,high,low,low,low,low,low,low,low,low,low,low,low,low,low,low,low,low,low,low,low,low,low,low,low,low,low,low,low,low,low,low,high,low,low,low,low,high,low,low,low,low,low,low,28.34683681,37.74726805,9.400431234,0.19942558,321.7317433,3506,4,0,156.4,73.80011455,832.0219116,0.082669749
44,NA,NA,NA,forestry,forestry,plantation_forestry,yes,no,yes,yes,yes,extensive,yes,yes,yes,extensive,extensive,low,low,low,low,low,low,low,low,low,low,low,low,low,low,low,high,high,high,low,low,low,low,low,low,low,low,low,low,low,low,low,low,high,low,low,high,low,low,low,low,low,low,low,low,low,low,low,low,low,low,low,low,low,low,low,low,low,low,low,low,low,low,low,low,low,low,high,low,low,low,low,high,low,low,low,low,low,low,36.73629882,48.75791357,12.02161475,0.191499999,192.9652746,3506,4,0,174.5918367,77.96131805,880.9335781,0.081550921
46,NA,NA,NA,forestry,forestry,plantation_forestry,yes,no,yes,yes,yes,extensive,yes,yes,yes,extensive,extensive,low,low,low,low,low,low,low,low,low,low,low,low,low,low,low,high,high,high,low,low,low,low,low,low,low,low,low,low,low,low,low,low,high,low,low,high,low,low,low,low,low,low,low,low,low,low,low,low,low,low,low,low,low,low,low,low,low,low,low,low,low,low,low,low,low,low,high,low,low,low,low,high,low,low,low,low,low,low,37.62990262,49.6933929,12.06349028,0.192836363,255.4673184,3506,4,0,174.6304348,83.36446991,879.5749207,0.085416662
49,NA,NA,NA,forestry,forestry,plantation_forestry,yes,no,yes,yes,yes,extensive,yes,no,yes,extensive,extensive,high,high,high,low,high,high,high,low,low,low,low,low,low,low,low,low,high,high,low,high,low,high,high,high,high,low,low,low,low,low,high,high,low,low,low,high,low,low,low,low,low,low,low,low,low,low,low,low,low,low,low,low,low,low,low,low,low,low,low,low,low,low,low,low,low,low,low,low,low,low,low,low,low,low,low,low,low,low,6.964918343,9.274637602,2.309719259,0.020446666,758.2619968,3505.865405,3.86540484,0.00444704,92.68888889,198.5332349,614.7527466,0.177966811
50,NA,NA,NA,forestry,forestry,plantation_forestry,yes,no,yes,yes,yes,extensive,yes,no,yes,extensive,extensive,high,high,high,low,high,high,high,low,low,low,low,low,low,low,low,low,high,high,low,high,low,high,high,high,high,low,low,low,low,low,high,high,low,low,low,high,low,low,low,low,low,low,low,low,low,low,low,low,low,low,low,low,low,low,low,low,low,low,low,low,low,low,low,low,low,low,low,low,low,low,low,low,low,low,low,low,low,low,12.00138621,15.98130845,3.979922243,0.002318421,383.6397727,3505.742471,3.74247144,0.007904696,210.2777778,209.1551622,614.7527466,0.13242669
52,NA,NA,NA,forestry,forestry,plantation_forestry,yes,no,yes,yes,yes,extensive,yes,no,yes,extensive,extensive,high,high,high,low,high,high,high,low,low,low,low,low,low,low,low,low,high,high,low,high,low,high,high,high,high,low,low,low,low,low,high,high,low,low,low,high,low,low,low,low,low,low,low,low,low,low,low,low,low,low,low,low,low,low,low,low,low,low,low,low,low,low,low,low,low,low,low,low,low,low,low,low,low,low,low,low,low,low,10.66586529,14.20289955,3.537034263,0.00196,399.8277349,3505.753234,3.75323383,0.008421657,181.7804878,213.4051826,614.7527466,0.162762337
53,NA,NA,NA,forestry,forestry,plantation_forestry,yes,no,yes,yes,yes,extensive,yes,no,yes,extensive,extensive,high,high,high,low,high,high,high,low,low,low,low,low,low,low,low,low,high,high,low,high,low,high,high,high,high,low,low,low,low,low,high,high,low,low,low,high,low,low,low,low,low,low,low,low,low,low,low,low,low,low,low,low,low,low,low,low,low,low,low,low,low,low,low,low,low,low,low,low,low,low,low,low,low,low,low,low,low,low,14.68912642,19.56036259,4.871236175,0.05597551,1051.065615,3505.80727,3.80726997,0.005860718,97.61702128,124.689838,614.7527466,0.202982242
54,NA,NA,NA,forestry,forestry,plantation_forestry,yes,no,yes,yes,yes,extensive,yes,no,yes,extensive,extensive,high,high,high,low,high,high,high,low,low,low,low,low,low,low,low,low,high,high,low,high,low,high,high,high,high,low,low,low,low,low,high,high,low,low,low,high,low,low,low,low,low,low,low,low,low,low,low,low,low,low,low,low,low,low,low,low,low,low,low,low,low,low,low,low,low,low,low,low,low,low,low,low,low,low,low,low,low,low,6.088825854,8.108013715,2.019187862,0.076095918,2127.696901,3505.963711,3.96371119,0.002948466,97.58333333,125.5722697,614.7527466,0.15129243
55,NA,NA,NA,forestry,forestry,plantation_forestry,yes,no,yes,yes,yes,extensive,yes,no,yes,extensive,extensive,high,high,high,low,high,high,high,low,low,low,low,low,low,low,low,low,high,high,low,high,low,high,high,high,high,low,low,low,low,low,high,high,low,low,low,high,low,low,low,low,low,low,low,low,low,low,low,low,low,low,low,low,low,low,low,low,low,low,low,low,low,low,low,low,low,low,low,low,low,low,low,low,low,low,low,low,low,low,50.38316755,67.09132888,16.70816134,0.155997917,2972.618685,3505.930914,3.93091445,0.009061614,122.0204082,64.23624595,614.7527466,0.100895056
59,NA,NA,NA,forestry,forestry,plantation_forestry,yes,no,yes,yes,yes,extensive,yes,no,yes,extensive,extensive,high,high,high,low,high,high,high,low,low,low,low,low,low,low,low,low,high,high,low,high,low,high,high,high,high,low,low,low,low,low,high,high,low,low,low,high,low,low,low,low,low,low,low,low,low,low,low,low,low,low,low,low,low,low,low,low,low,low,low,low,low,low,low,low,low,low,low,low,low,low,low,low,low,low,low,low,low,low,15.60576089,20.78097317,5.175212274,0.060220834,1316.756646,3505.774955,3.77495463,0.009236237,92.08163265,112.9608593,614.7527466,0.192619588
60,NA,NA,NA,forestry,forestry,plantation_forestry,yes,no,yes,yes,yes,extensive,yes,no,yes,extensive,extensive,high,high,high,low,high,high,high,low,low,low,low,low,low,low,low,low,high,high,low,high,low,high,high,high,high,low,low,low,low,low,high,high,low,low,low,high,low,low,low,low,low,low,low,low,low,low,low,low,low,low,low,low,low,low,low,low,low,low,low,low,low,low,low,low,low,low,low,low,low,low,low,low,low,low,low,low,low,low,4.342905974,5.783108534,1.440202559,0.009157143,1001.76282,3505.970553,3.97055312,0.001102895,81.29166667,205.4547064,614.7527466,0.194695205
62,NA,NA,NA,forestry,forestry,plantation_forestry,yes,no,yes,yes,yes,extensive,yes,no,yes,extensive,extensive,high,high,high,low,high,high,high,low,low,low,low,low,low,low,low,low,high,high,low,high,low,high,high,high,high,low,low,low,low,low,high,high,low,low,low,high,low,low,low,low,low,low,low,low,low,low,low,low,low,low,low,low,low,low,low,low,low,low,low,low,low,low,low,low,low,low,low,low,low,low,low,low,low,low,low,low,low,low,4.97314307,6.62234606,1.649202989,0.027891837,1474.06877,3505.936302,3.93630229,0.003830709,95.54166667,165.5338833,614.7527466,0.172164342
66,NA,NA,NA,forestry,forestry,plantation_forestry,yes,no,yes,yes,yes,extensive,yes,no,yes,extensive,extensive,high,high,high,low,high,high,high,low,low,low,low,low,low,low,low,low,high,high,low,high,low,high,high,high,high,low,low,low,low,low,high,high,low,low,low,high,low,low,low,low,low,low,low,low,low,low,low,low,low,low,low,low,low,low,low,low,low,low,low,low,low,low,low,low,low,low,low,low,low,low,low,low,low,low,low,low,low,low,43.93635162,58.50660773,14.57025611,0.092514584,2027.980931,3505.987441,3.98744113,0.000985425,107.2040816,69.21187188,614.7527466,0.15420138
69,NA,NA,NA,forestry,forestry,plantation_forestry,yes,no,yes,yes,yes,extensive,yes,no,yes,extensive,extensive,high,high,high,low,high,high,high,low,low,low,low,low,low,low,low,low,high,high,low,high,low,high,high,high,high,low,low,low,low,low,high,high,low,low,low,high,low,low,low,low,low,low,low,low,low,low,low,low,low,low,low,low,low,low,low,low,low,low,low,low,low,low,low,low,low,low,low,low,low,low,low,low,low,low,low,low,low,low,26.22797233,34.83005173,8.602079402,0.088985107,1517.01011,3505.970071,3.97007088,0.002143765,76.83333333,100.7463918,658.7146194,0.155543973
70,NA,NA,NA,forestry,forestry,plantation_forestry,yes,no,yes,yes,yes,extensive,yes,no,yes,extensive,extensive,high,high,high,low,high,high,high,low,low,low,low,low,low,low,low,low,high,high,low,high,low,high,high,high,high,low,low,low,low,low,high,high,low,low,low,high,low,low,low,low,low,low,low,low,low,low,low,low,low,low,low,low,low,low,low,low,low,low,low,low,low,low,low,low,low,low,low,low,low,low,low,low,low,low,low,low,low,low,56.49559152,75.23076649,18.73517497,0.181618368,2039.233871,3505.841632,3.84163249,0.01704528,109.875,65.43382353,614.7527466,0.123279314
71,NA,NA,NA,forestry,forestry,plantation_forestry,yes,no,yes,yes,yes,extensive,yes,no,yes,extensive,extensive,high,high,high,low,high,high,high,low,low,low,low,low,low,low,low,low,high,high,low,high,high,high,high,high,high,low,low,low,low,low,high,high,low,low,low,high,low,low,low,low,low,low,low,low,low,low,low,low,low,low,low,low,low,low,low,low,low,low,low,low,low,low,low,low,low,low,low,low,low,low,low,low,low,low,low,low,low,low,50.89301088,67.77024742,16.87723655,0.163578261,2462.90042,3505.861322,3.86132213,0.016430545,116.9166667,85.90309278,614.7527466,0.113587957
72,NA,NA,NA,forestry,forestry,plantation_forestry,yes,no,yes,yes,yes,extensive,yes,no,yes,extensive,extensive,high,high,high,low,high,high,high,low,low,low,low,low,low,low,low,low,high,high,low,high,high,high,high,high,high,low,low,low,low,low,high,high,low,low,low,high,low,low,low,low,low,low,low,low,low,low,low,low,low,low,low,low,low,low,low,low,low,low,low,low,low,low,low,low,low,low,low,low,low,low,low,low,low,low,low,low,low,low,51.28245622,68.28884137,17.00638515,0.169570834,2730.729389,3505.875929,3.87592944,0.016385738,123.877551,73.11409198,614.7527466,0.100027001
73,NA,NA,NA,forestry,forestry,plantation_forestry,yes,no,yes,yes,yes,extensive,yes,no,yes,extensive,extensive,low,low,high,low,low,low,high,low,low,low,low,low,low,low,low,low,high,high,low,high,high,high,high,high,high,low,low,low,low,low,high,high,low,low,low,high,low,low,low,low,low,low,low,low,low,low,low,low,low,low,low,low,low,low,low,low,low,low,low,low,low,low,low,low,low,low,low,low,low,low,low,low,low,low,low,low,low,low,33.99661354,45.27063467,11.27402113,0.009904255,1808.135801,3506,4,0,80.41666667,65.15506144,800.2397461,0.079097218
74,NA,NA,NA,forestry,forestry,plantation_forestry,yes,no,yes,yes,yes,extensive,yes,no,yes,extensive,extensive,low,low,high,low,low,low,high,low,low,low,low,low,low,low,low,low,high,high,low,high,high,high,high,high,high,low,low,low,low,low,high,high,low,low,low,high,low,low,low,low,low,low,low,low,low,low,low,low,low,low,low,low,low,low,low,low,low,low,low,low,low,low,low,low,low,low,low,low,low,low,low,low,low,low,low,low,low,low,22.43200331,29.87094682,7.438943503,0.001509615,1582.362065,3505.994457,3.99445704,0.000503614,74.53333333,65.16929825,767.3424036,0.127318666
75,NA,NA,NA,forestry,forestry,plantation_forestry,yes,no,yes,yes,yes,extensive,yes,no,yes,extensive,extensive,low,low,high,low,low,low,high,low,low,low,low,low,low,low,low,low,high,high,low,high,high,high,high,high,high,low,low,low,low,low,high,high,low,low,low,high,low,low,low,low,low,low,low,low,low,low,low,low,low,low,low,low,low,low,low,low,low,low,low,low,low,low,low,low,low,low,low,low,low,low,low,low,low,low,low,low,low,low,29.7515127,39.61776532,9.866252621,0.016146808,1821.412675,3506,4,0,81.91836735,72.0505848,800.2397461,0.078807866
76,NA,NA,NA,forestry,forestry,plantation_forestry,yes,no,yes,yes,yes,extensive,yes,no,yes,extensive,extensive,low,low,high,low,low,low,high,low,low,low,low,low,low,low,low,low,high,high,low,high,high,high,high,high,high,low,low,low,low,low,high,high,low,low,low,high,low,low,low,low,low,low,low,low,low,low,low,low,low,low,low,low,low,low,low,low,low,low,low,low,low,low,low,low,low,low,low,low,low,low,low,low,low,low,low,low,low,low,166.909517,222.260367,55.35084994,0.18575625,2574.681374,3506,4,0,92.73469388,55.50583771,800.2397461,0.033059412
78,NA,NA,NA,forestry,forestry,plantation_forestry,yes,no,yes,yes,yes,extensive,yes,no,yes,extensive,extensive,low,low,high,low,low,low,high,low,low,low,low,low,low,low,low,low,high,high,low,high,high,high,high,high,high,low,low,low,low,low,high,high,low,low,low,high,low,low,low,low,low,low,low,low,low,low,low,low,low,low,low,low,low,low,low,low,low,low,low,low,low,low,low,low,low,low,low,low,low,low,low,low,low,low,low,low,low,low,80.61361217,107.3468508,26.73323865,0.088545652,2154.812131,3506,4,0,80.4,85.73901582,800.2397461,0.06841049
79,NA,NA,NA,forestry,forestry,plantation_forestry,yes,no,yes,yes,yes,extensive,yes,no,yes,extensive,extensive,low,low,high,low,low,low,high,low,low,low,low,low,low,low,low,low,high,high,low,high,high,high,high,high,high,low,low,low,low,low,high,high,low,low,low,high,low,low,low,low,low,low,low,low,low,low,low,low,low,low,low,low,low,low,low,low,low,low,low,low,low,low,low,low,low,low,low,low,low,low,low,low,low,low,low,low,low,low,25.79158637,34.3446411,8.553054727,0.053540425,2431.490682,3506,4,0,77.41666667,96.68274854,800.2397461,0.058136571
80,NA,NA,NA,forestry,forestry,plantation_forestry,yes,no,yes,yes,yes,extensive,yes,no,yes,extensive,extensive,low,low,high,low,low,low,high,low,low,low,low,low,low,low,low,low,high,high,low,high,high,high,high,high,high,low,low,low,low,low,high,high,low,low,low,high,low,low,low,low,low,low,low,low,low,low,low,low,low,low,low,low,low,low,low,low,low,low,low,low,low,low,low,low,low,low,low,low,low,low,low,low,low,low,low,low,low,low,27.84568876,37.07992878,9.234240017,0.0550875,2499.504262,3506,4,0,83.83673469,89.09298246,800.2397461,0.05384259
81,NA,NA,NA,forestry,forestry,plantation_forestry,yes,no,yes,yes,yes,extensive,yes,no,yes,extensive,extensive,low,low,high,low,low,low,high,low,low,low,low,low,low,low,low,low,high,high,low,high,high,high,high,high,high,low,low,low,low,low,high,high,low,low,low,high,low,low,low,low,low,low,low,low,low,low,low,low,low,low,low,low,low,low,low,low,low,low,low,low,low,low,low,low,low,low,low,low,low,low,low,low,low,low,low,low,low,low,19.52377829,25.99829067,6.474512384,0.00261875,2032.198433,3506,4,0,36.91836735,151.7839181,800.2397461,0.083796292
82,NA,NA,NA,forestry,forestry,plantation_forestry,yes,no,yes,yes,yes,extensive,yes,no,yes,extensive,extensive,low,low,high,low,low,low,high,low,low,low,low,low,low,low,low,low,high,high,low,high,high,high,high,high,high,low,low,low,low,low,high,high,low,low,low,high,low,low,low,low,low,low,low,low,low,low,low,low,low,low,low,low,low,low,low,low,low,low,low,low,low,low,low,low,low,low,low,low,low,low,low,low,low,low,low,low,low,low,23.2615851,30.975636,7.714050899,0.03718913,2239.933371,3506,4,0,64.08163265,106.322128,800.2397461,0.073148144
84,NA,NA,NA,forestry,forestry,plantation_forestry,yes,no,yes,yes,yes,extensive,yes,no,yes,extensive,extensive,low,low,high,low,low,low,high,low,low,low,low,low,low,low,low,low,high,high,low,high,high,high,high,high,high,low,low,low,low,low,high,high,low,low,low,high,low,low,low,low,low,low,low,low,low,low,low,low,low,low,low,low,low,low,low,low,low,low,low,low,low,low,low,low,low,low,low,low,low,low,low,low,low,low,low,low,low,low,29.4942235,39.27515337,9.780929872,0.019422449,1702.162402,3506,4,0,87.56521739,76.52365654,800.2397461,0.084988421
86,NA,NA,NA,forestry,forestry,plantation_forestry,yes,no,yes,yes,yes,extensive,yes,no,yes,extensive,extensive,low,low,high,low,low,low,high,low,low,low,low,low,low,low,low,low,high,high,low,high,high,high,high,high,high,low,low,low,low,low,high,high,low,low,low,high,low,low,low,low,low,low,low,low,low,low,low,low,low,low,low,low,low,low,low,low,low,low,low,low,low,low,low,low,low,low,low,low,low,low,low,low,low,low,low,low,low,low,23.78837322,31.67711878,7.888745555,0.001712,1864.715665,3506,4,0,73.73913043,58.21320093,800.2397461,0.099945982
87,NA,NA,NA,forestry,forestry,plantation_forestry,yes,no,yes,yes,yes,extensive,yes,no,yes,extensive,extensive,low,low,high,low,low,low,high,low,low,low,low,low,low,low,low,low,high,high,low,high,high,high,high,high,high,low,low,low,low,low,high,high,low,low,low,high,low,low,low,low,low,low,low,low,low,low,low,low,low,low,low,low,low,low,low,low,low,low,low,low,low,low,low,low,low,low,low,low,low,low,low,low,low,low,low,low,low,low,23.40720056,31.16954088,7.762340318,0.00163125,1825.701398,3506,4,0,71.63265306,58.56266433,790.428258,0.105860334
88,NA,NA,NA,forestry,forestry,plantation_forestry,yes,no,yes,yes,yes,extensive,yes,no,yes,extensive,extensive,low,low,high,low,low,low,high,low,low,low,low,low,low,low,low,low,high,high,low,high,high,high,high,high,high,low,low,low,low,low,high,high,low,low,low,high,low,low,low,low,low,low,low,low,low,low,low,low,low,low,low,low,low,low,low,low,low,low,low,low,low,low,low,low,low,low,low,low,low,low,low,low,low,low,low,low,low,low,29.09207451,38.73964304,9.647568529,0.007565217,1287.032815,3506,4,0,70.84782609,81.05435418,800.2397461,0.1172145
113,NA,NA,NA,forestry,forestry,plantation_forestry,yes,no,no,yes,yes,limited,yes,no,yes,extensive,extensive,high,high,high,low,high,high,high,low,low,low,low,low,low,low,low,high,high,high,high,high,high,high,high,high,high,low,low,low,low,low,low,low,low,low,low,low,high,low,high,high,low,high,low,low,low,low,low,low,low,low,low,low,low,low,low,low,low,low,low,low,low,low,low,low,low,low,low,low,low,low,low,low,low,low,low,low,low,low,37.34144807,49.72468986,12.38324179,0.000946,2651.994776,3506,4,0,56.30434783,82.97763578,613.8214722,0.095821754
121,NA,NA,NA,forestry,forestry,plantation_forestry,yes,no,no,yes,yes,limited,yes,no,yes,extensive,extensive,high,high,high,low,high,high,high,low,low,low,low,low,low,low,low,high,high,high,high,high,high,high,high,high,high,low,low,low,low,low,low,low,low,low,low,low,high,low,high,high,low,high,low,low,low,low,low,low,low,low,low,low,low,low,low,low,low,low,low,low,low,low,low,low,low,low,low,low,low,low,low,low,low,low,low,low,low,low,30.96253106,41.23038466,10.26785359,0.014810638,2074.71161,3506,4,0,77.06122449,104.0550699,613.8214722,0.124085641
125,NA,NA,NA,forestry,forestry,plantation_forestry,yes,no,no,yes,yes,limited,yes,no,yes,extensive,extensive,high,high,high,low,high,high,high,low,low,low,low,low,low,low,low,high,high,high,high,high,high,high,high,high,high,low,low,low,low,low,low,low,low,low,low,low,high,low,high,high,low,high,low,low,low,low,low,low,low,low,low,low,low,low,low,low,low,low,low,low,low,low,low,low,low,low,low,low,low,low,low,low,low,low,low,low,low,low,35.27693708,46.97554212,11.69860504,0.022695745,2399.701147,3506,4,0,84.30612245,80.04542807,613.8214722,0.099444439
133,NA,NA,NA,forestry,forestry,plantation_forestry,yes,no,no,yes,yes,limited,yes,no,yes,extensive,extensive,high,high,high,low,high,high,high,low,low,low,low,low,low,low,low,high,high,high,high,high,high,high,high,high,high,low,low,low,low,low,low,low,low,low,low,low,high,low,high,high,low,high,low,low,low,low,low,low,low,low,low,low,low,low,low,low,low,low,low,low,low,low,low,low,low,low,low,low,low,low,low,low,low,low,low,low,low,low,35.30896879,47.01819608,11.70922729,0.003289362,2805.197957,3506,4,0,63.25,59.1784365,613.8214722,0.100675149
141,NA,NA,NA,forestry,forestry,plantation_forestry,yes,no,no,yes,yes,limited,yes,no,yes,extensive,extensive,high,high,high,low,high,high,high,low,low,low,low,low,low,low,low,high,high,high,high,high,high,high,high,high,high,low,low,low,low,low,low,low,low,low,low,low,high,low,high,high,low,high,low,low,low,low,low,low,low,low,low,low,low,low,low,low,low,low,low,low,low,low,low,low,low,low,low,low,low,low,low,low,low,low,low,low,low,low,61.10960954,81.37489392,20.26528438,0.114689797,2426.588062,3506,4,0,69.89795918,79.85726744,613.8214722,0.115960642
145,NA,NA,NA,forestry,forestry,plantation_forestry,yes,no,no,yes,yes,limited,yes,no,yes,extensive,extensive,high,high,high,low,high,high,high,low,low,low,low,low,low,low,low,high,high,high,high,high,high,high,high,high,high,low,low,low,low,low,low,low,low,low,low,low,high,low,high,high,low,high,low,low,low,low,low,low,low,low,low,low,low,low,low,low,low,low,low,low,low,low,low,low,low,low,low,low,low,low,low,low,low,low,low,low,low,low,34.02306765,45.30586179,11.28279414,0.001008333,2660.149637,3506,4,0,48.44897959,91.26118536,613.8214722,0.107145056
149,NA,NA,NA,forestry,forestry,plantation_forestry,yes,no,no,yes,yes,limited,yes,no,yes,extensive,extensive,high,high,high,low,high,high,high,low,low,low,low,low,low,low,low,high,high,high,high,high,high,high,high,high,high,low,low,low,low,low,low,low,low,low,low,low,high,low,high,high,low,high,low,low,low,low,low,low,low,low,low,low,low,low,low,low,low,low,low,low,low,low,low,low,low,low,low,low,low,low,low,low,low,low,low,low,low,low,42.1498739,56.1276952,13.9778213,0.006516327,2974.437443,3506,4,0,91.36170213,48.39895318,613.8214722,0.071369595
161,NA,NA,NA,forestry,forestry,plantation_forestry,yes,no,no,yes,yes,limited,yes,no,yes,extensive,extensive,high,high,high,low,high,high,high,low,low,low,low,low,low,low,low,high,high,high,high,high,high,high,high,high,high,low,low,low,low,low,low,low,low,low,low,low,high,low,high,high,low,high,low,low,low,low,low,low,low,low,low,low,low,low,low,low,low,low,low,low,low,low,low,low,low,low,low,low,low,low,low,low,low,low,low,low,low,low,34.27749592,45.64466435,11.36716843,0.075165307,2634.978748,3506,4,0,41.38297872,68.09854227,613.8214722,0.108572525
175,NA,NA,NA,forestry,forestry,plantation_forestry,yes,no,no,yes,yes,limited,yes,no,yes,extensive,extensive,high,high,high,low,high,high,high,low,low,low,low,low,low,low,low,high,high,high,high,high,high,high,high,high,high,low,low,low,low,low,low,low,low,low,low,low,high,low,high,high,low,high,low,low,low,low,low,low,low,low,low,low,low,low,low,low,low,low,low,low,low,low,low,low,low,low,low,low,low,low,low,low,low,low,low,low,low,low,38.40894831,51.1461966,12.73724829,0.03315532,2985.855049,3506,4,0,75.63265306,68.20267909,613.8214722,0.078989193
193,NA,NA,NA,forestry,forestry,plantation_forestry,yes,no,no,yes,yes,limited,yes,no,yes,extensive,extensive,high,high,high,low,high,high,high,low,low,low,low,low,low,low,low,high,high,high,high,high,high,high,high,high,high,low,low,low,low,low,low,low,low,low,low,low,high,low,high,high,low,high,low,low,low,low,low,low,low,low,low,low,low,low,low,low,low,low,low,low,low,low,low,low,low,low,low,low,low,low,low,low,low,low,low,low,low,low,31.12645893,41.44867426,10.32221534,0.029174,2868.364421,3506,4,0,39.36170213,69.51078089,613.8214722,0.10647376
197,NA,NA,NA,forestry,forestry,plantation_forestry,yes,no,no,yes,yes,limited,yes,no,yes,extensive,extensive,high,high,high,low,high,high,high,low,low,low,low,low,low,low,low,high,high,high,high,high,high,high,high,high,high,low,low,low,low,low,low,low,low,low,low,low,high,low,high,high,low,high,low,low,low,low,low,low,low,low,low,low,low,low,low,low,low,low,low,low,low,low,low,low,low,low,low,low,low,low,low,low,low,low,low,low,low,low,34.12969967,45.44785538,11.3181557,0.001006383,2627.211488,3506,4,0,45.42857143,92.98689956,613.8214722,0.106053235
217,NA,NA,NA,forestry,forestry,plantation_forestry,yes,no,no,yes,yes,limited,yes,no,yes,extensive,extensive,high,high,high,low,high,high,high,low,low,low,low,low,low,low,low,high,high,high,high,high,high,high,high,high,high,low,low,low,low,low,low,low,low,low,low,low,high,low,high,high,low,high,low,low,low,low,low,low,low,low,low,low,low,low,low,low,low,low,low,low,low,low,low,low,low,low,low,low,low,low,low,low,low,low,low,low,low,low,23.73124893,29.91104116,6.179792234,0.014664445,1625.509091,3506,4,0,139.5,103.5495963,1259.998993,0.130374221
219,NA,NA,NA,forestry,forestry,plantation_forestry,yes,no,no,yes,yes,limited,yes,no,yes,extensive,extensive,high,high,high,low,high,high,high,low,low,low,low,low,low,low,low,high,high,high,high,high,high,high,high,high,high,low,low,low,low,low,low,low,low,low,low,low,high,low,high,high,low,high,low,low,low,low,low,low,low,low,low,low,low,low,low,low,low,low,low,low,low,low,low,low,low,low,low,low,low,low,low,low,low,low,low,low,low,low,61.09553428,81.35614918,20.26061489,0.139273334,973.5788037,3506,4,0,106.5961538,73.72938144,855.9386544,0.111963728
222,NA,NA,NA,forestry,forestry,plantation_forestry,yes,no,no,yes,yes,limited,yes,no,yes,extensive,extensive,high,high,high,low,high,high,high,low,low,low,low,low,low,low,low,high,high,high,high,high,high,high,high,high,high,low,low,low,low,low,low,low,low,low,low,low,high,low,high,high,low,high,low,low,low,low,low,low,low,low,low,low,low,low,low,low,low,low,low,low,low,low,low,low,low,low,low,low,low,low,low,low,low,low,low,low,low,low,98.65694632,131.3737473,32.71680094,0.1913,1264.517778,3506,4,0,119.6666667,54.42497857,832.0219116,0.087272372
225,NA,NA,NA,forestry,forestry,plantation_forestry,yes,no,no,yes,yes,limited,yes,no,yes,extensive,extensive,high,high,high,low,high,high,high,low,low,low,low,low,low,low,low,high,high,high,high,high,high,high,high,high,high,low,low,low,low,low,low,low,low,low,low,low,high,low,high,high,low,high,low,low,low,low,low,low,low,low,low,low,low,low,low,low,low,low,low,low,low,low,low,low,low,low,low,low,low,low,low,low,low,low,low,low,low,low,85.58553049,113.9675638,28.38203332,0.14909149,1144.662052,3506,4,0,111.58,61.17971429,856.642088,0.102453698
226,NA,NA,NA,forestry,forestry,plantation_forestry,yes,no,no,yes,yes,limited,yes,no,yes,extensive,extensive,high,high,high,low,high,high,high,low,low,low,low,low,low,low,low,high,high,high,high,high,high,high,high,high,high,low,low,low,low,low,low,low,low,low,low,low,high,low,high,high,low,high,low,low,low,low,low,low,low,low,low,low,low,low,low,low,low,low,low,low,low,low,low,low,low,low,low,low,low,low,low,low,low,low,low,low,low,low,96.41959691,128.3944443,31.97484736,0.242851019,928.8550988,3506,4,0,138.0612245,75.35280641,832.0219116,0.084043205
227,NA,NA,NA,forestry,forestry,plantation_forestry,yes,no,no,yes,yes,limited,yes,no,yes,extensive,extensive,high,high,high,low,high,high,high,low,low,low,low,low,low,low,low,high,high,high,high,high,high,high,high,high,high,low,low,low,low,low,low,low,low,low,low,low,high,low,high,high,low,high,low,low,low,low,low,low,low,low,low,low,low,low,low,low,low,low,low,low,low,low,low,low,low,low,low,low,low,low,low,low,low,low,low,low,low,low,18.18753413,24.2189186,6.031384471,0.093066667,157.7341513,3506,4,0,85.46808511,86.16362079,832.0219116,0.160054004
229,NA,NA,NA,forestry,forestry,plantation_forestry,yes,no,no,yes,yes,limited,yes,no,yes,extensive,extensive,high,high,high,low,high,high,high,low,low,low,low,low,low,low,low,high,high,high,high,high,high,high,high,high,high,low,low,low,low,low,low,low,low,low,low,low,high,low,high,high,low,high,low,low,low,low,low,low,low,low,low,low,low,low,low,low,low,low,low,low,low,low,low,low,low,low,low,low,low,low,low,low,low,low,low,low,low,low,17.48263055,23.28025364,5.797623095,0.085064583,115.6700796,3506,4,0,86.78723404,95.75527066,832.0219116,0.165023139
230,NA,NA,NA,forestry,forestry,plantation_forestry,yes,no,no,yes,yes,limited,yes,no,yes,extensive,extensive,high,high,high,low,high,high,high,low,low,low,low,low,low,low,low,high,high,high,high,high,high,high,high,high,high,low,low,low,low,low,low,low,low,low,low,low,high,low,high,high,low,high,low,low,low,low,low,low,low,low,low,low,low,low,low,low,low,low,low,low,low,low,low,low,low,low,low,low,low,low,low,low,low,low,low,low,low,low,17.7819763,23.67886897,5.89689267,0.08298125,99.26026151,3506,4,0,84.69387755,97.76157804,832.0219116,0.162361102
232,NA,NA,NA,forestry,forestry,plantation_forestry,yes,no,no,yes,yes,limited,yes,no,yes,extensive,extensive,high,high,high,low,high,high,high,low,low,low,low,low,low,low,low,high,high,high,high,high,high,high,high,high,high,low,low,low,low,low,low,low,low,low,low,low,high,low,high,high,low,high,low,low,low,low,low,low,low,low,low,low,low,low,low,low,low,low,low,low,low,low,low,low,low,low,low,low,low,low,low,low,low,low,low,low,low,low,19.62930176,26.13880776,6.509505996,0.088520408,117.8487395,3506,4,0,79.08333333,90.99401709,832.0219116,0.157492275
233,NA,NA,NA,forestry,forestry,plantation_forestry,yes,no,no,yes,yes,limited,yes,no,yes,extensive,extensive,high,high,high,low,high,high,high,low,low,low,low,low,low,low,low,high,high,high,high,high,high,high,high,high,high,low,low,low,low,low,low,low,low,low,low,low,high,low,high,high,low,high,low,low,low,low,low,low,low,low,low,low,low,low,low,low,low,low,low,low,low,low,low,low,low,low,low,low,low,low,low,low,low,low,low,low,low,low,18.48611488,24.61651522,6.130400337,0.076304348,101.6405184,3506,4,0,77.63265306,100.4112788,832.0219116,0.164344127
235,NA,NA,NA,forestry,forestry,plantation_forestry,yes,yes,yes,yes,yes,extensive,NA,NA,no,NA,limited,low,high,low,low,low,low,high,low,low,low,low,low,low,low,low,low,low,low,low,low,low,low,low,low,low,low,low,high,high,high,low,high,low,low,low,high,low,low,low,low,low,low,low,low,low,low,low,low,low,low,low,low,low,low,low,low,low,low,high,high,low,low,low,low,low,low,high,low,low,low,low,high,low,low,low,low,low,low,11.35064022,15.11476114,3.764120916,0.044925001,825.3002727,3505.932915,3.93291506,0.001545128,97.0625,129.1955817,614.7527466,0.209475297
236,NA,NA,NA,forestry,forestry,plantation_forestry,yes,yes,yes,yes,yes,extensive,NA,NA,no,NA,limited,low,high,low,low,low,low,high,low,low,low,low,low,low,low,low,low,low,low,low,low,low,low,low,low,low,low,low,high,high,high,low,high,low,low,low,high,low,low,low,low,low,low,low,low,low,low,low,low,low,low,low,low,low,low,low,low,low,low,high,high,low,low,low,low,low,low,high,low,low,low,low,high,low,low,low,low,low,low,8.157785846,10.86308613,2.705300284,0.018552083,1440.133515,3505.996683,3.99668325,0.000121358,86.83673469,119.185,614.7527466,0.197137335
238,NA,NA,NA,forestry,forestry,plantation_forestry,no,no,no,no,no,none,no,no,no,none,none,low,low,low,low,low,low,low,low,low,low,low,low,low,low,low,low,low,low,low,low,low,low,low,low,low,low,low,low,low,low,high,high,low,low,low,high,low,low,low,low,low,low,low,low,low,low,low,low,low,low,low,low,low,low,low,low,low,low,low,low,low,low,low,low,low,low,low,low,low,low,low,low,low,low,low,low,low,low,55.66210507,74.12087772,18.45877265,0.129877084,2157.609283,3505.965886,3.96588604,0.003167649,104.3265306,63.0558495,614.7527466,0.139783943
239,NA,NA,NA,forestry,forestry,plantation_forestry,no,no,no,no,no,none,no,no,no,none,none,low,low,low,low,low,low,low,low,low,low,low,low,low,low,low,low,low,low,low,low,low,low,low,low,low,low,low,low,low,low,high,high,low,low,low,high,low,low,low,low,low,low,low,low,low,low,low,low,low,low,low,low,low,low,low,low,low,low,low,low,low,low,low,low,low,low,low,low,low,low,low,low,low,low,low,low,low,low,52.76868777,70.26793986,17.49925209,0.137722917,2716.99557,3505.967751,3.96775139,0.003610053,116,58.33372572,614.7527466,0.120582555
241,NA,NA,NA,forestry,forestry,plantation_forestry,no,no,no,no,no,none,no,no,no,none,none,low,low,low,low,low,low,low,low,low,low,low,low,low,low,low,low,low,low,low,low,low,low,low,low,low,low,low,low,low,low,high,high,low,low,low,high,low,low,low,low,low,low,low,low,low,low,low,low,low,low,low,low,low,low,low,low,low,low,low,low,low,low,low,low,low,low,low,low,low,low,low,low,low,low,low,low,low,low,18.19715095,24.23172451,6.034573553,0.102829167,2563.491883,3505.946282,3.94628163,0.00561846,115.4693878,91.36492054,614.7527466,0.128225302
243,NA,NA,NA,forestry,forestry,plantation_forestry,no,no,no,no,no,none,no,no,no,none,none,low,low,low,low,low,low,low,low,low,low,low,low,low,low,low,low,low,low,low,low,low,low,low,low,low,low,low,low,low,low,high,high,low,low,low,high,low,low,low,low,low,low,low,low,low,low,low,low,low,low,low,low,low,low,low,low,low,low,low,low,low,low,low,low,low,low,low,low,low,low,low,low,low,low,low,low,low,low,4.496946698,5.988232561,1.491285863,0.017941305,1596.708665,3505.981523,3.9815231,0.000936106,93.87755102,153.553298,614.7527466,0.182862644
248,NA,NA,NA,forestry,forestry,plantation_forestry,yes,no,yes,yes,yes,extensive,no,no,no,none,limited,NA,NA,NA,NA,NA,NA,NA,NA,NA,NA,NA,NA,NA,NA,NA,NA,NA,NA,NA,NA,NA,NA,NA,NA,NA,NA,NA,NA,NA,NA,NA,NA,NA,NA,low,NA,low,NA,NA,NA,NA,NA,low,NA,NA,NA,NA,NA,low,NA,NA,NA,NA,NA,low,NA,NA,low,low,NA,low,NA,NA,NA,low,NA,NA,low,low,low,low,NA,NA,low,low,low,low,NA,3.569294075,4.752950005,1.18365593,0.000206122,297.6528963,3506,4,0,107.5106383,209.2034747,614.7527466,0.221801685
249,NA,NA,NA,forestry,forestry,plantation_forestry,yes,no,yes,yes,yes,extensive,no,no,no,none,limited,NA,NA,NA,NA,NA,NA,NA,NA,NA,NA,NA,NA,NA,NA,NA,NA,NA,NA,NA,NA,NA,NA,NA,NA,NA,NA,NA,NA,NA,NA,NA,NA,NA,NA,low,NA,low,NA,NA,NA,NA,NA,low,NA,NA,NA,NA,NA,low,NA,NA,NA,NA,NA,low,NA,NA,low,low,NA,low,NA,NA,NA,low,NA,NA,low,low,low,low,NA,NA,low,low,low,low,NA,3.686160689,4.908572118,1.222411429,2.17E-06,189.4704814,3506,4,0,89.51020408,271.1574292,614.7527466,0.222110327
250,NA,NA,NA,forestry,forestry,Forestry_concession,no,no,no,no,no,none,no,no,no,none,none,low,low,low,low,low,low,low,low,low,low,low,low,low,low,low,low,high,high,low,low,low,high,high,high,low,low,low,low,low,low,low,low,low,low,low,low,low,low,low,low,low,low,low,low,low,low,low,low,low,low,low,low,low,low,high,high,low,low,low,high,low,low,low,low,low,low,low,low,low,low,low,low,low,low,low,low,low,low,26.0336781,34.66701616,8.633338065,0.031199999,889.9631357,3506,4,0,82.66666667,199.162273,614.7527466,0.178414342
251,NA,NA,NA,forestry,forestry,Forestry_concession,no,no,no,no,no,none,no,no,no,none,none,low,low,low,low,low,low,low,low,low,low,low,low,low,low,low,low,high,high,low,low,low,high,high,high,low,low,low,low,low,low,low,low,low,low,low,low,low,low,low,low,low,low,low,low,low,low,low,low,low,low,low,low,low,low,high,high,low,low,low,high,low,low,low,low,low,low,low,low,low,low,low,low,low,low,low,low,low,low,41.50537518,55.26946628,13.76409109,0.000267391,1787.840999,3506,4,0,58.41304348,80.20291121,613.8214722,0.124131938
252,NA,NA,NA,forestry,forestry,Forestry_concession,no,no,no,no,no,none,no,no,no,none,none,low,low,low,low,low,low,low,low,low,low,low,low,low,low,low,low,high,high,low,low,low,high,high,high,low,low,low,low,low,low,low,low,low,low,low,low,low,low,low,low,low,low,low,low,low,low,low,low,low,low,low,low,low,low,high,high,low,low,low,high,low,low,low,low,low,low,low,low,low,low,low,low,low,low,low,low,low,low,17.08207282,22.74686202,5.664789208,0.000546939,957.6297558,3506,4,0,81.70833333,87.75079965,613.8214722,0.187442119
253,NA,NA,NA,forestry,forestry,Forestry_concession,no,no,no,no,no,none,no,no,no,none,none,low,low,low,low,low,low,low,low,low,low,low,low,low,low,low,low,high,high,low,low,low,high,high,high,low,low,low,low,low,low,low,low,low,low,low,low,low,low,low,low,low,low,low,low,low,low,low,low,low,low,low,low,low,low,high,high,low,low,low,high,low,low,low,low,low,low,low,low,low,low,low,low,low,low,low,low,low,low,27.56510354,36.70629527,9.141191729,0.000170213,1875.839409,3506,4,0,42.40425532,99.57700146,613.8214722,0.144251535
254,NA,NA,NA,forestry,forestry,Forestry_concession,no,no,no,no,no,none,no,no,no,none,none,low,low,low,low,low,low,low,low,low,low,low,low,low,low,low,low,high,high,low,low,low,high,high,high,low,low,low,low,low,low,low,low,low,low,low,low,low,low,low,low,low,low,low,low,low,low,low,low,low,low,low,low,low,low,high,high,low,low,low,high,low,low,low,low,low,low,low,low,low,low,low,low,low,low,low,low,low,low,28.69110791,38.20570773,9.514599825,0.056582,2672.374986,3506,4,0,47.42553191,74.93742724,613.8214722,0.11102237
255,NA,NA,NA,forestry,forestry,Forestry_concession,no,no,no,no,no,none,no,no,no,none,none,low,low,low,low,low,low,low,low,low,low,low,low,low,low,low,low,high,high,low,low,low,high,high,high,low,low,low,low,low,low,low,low,low,low,low,low,low,low,low,low,low,low,low,low,low,low,low,low,low,low,low,low,low,low,high,high,low,low,low,high,low,low,low,low,low,low,low,low,low,low,low,low,low,low,low,low,low,low,17.09291148,22.76129498,5.668383497,0.000330435,965.1258805,3506,4,0,57.6,107.1124054,613.8214722,0.188121132
256,NA,NA,NA,forestry,forestry,Forestry_concession,no,no,no,no,no,none,no,no,no,none,none,low,low,low,low,low,low,low,low,low,low,low,low,low,low,low,low,high,high,low,low,low,high,high,high,low,low,low,low,low,low,low,low,low,low,low,low,low,low,low,low,low,low,low,low,low,low,low,low,low,low,low,low,low,low,high,high,low,low,low,high,low,low,low,low,low,low,low,low,low,low,low,low,low,low,low,low,low,low,20.45318071,27.23590308,6.782722365,7.45E-05,1022.185286,3506,4,0,47.75510204,119.2941176,613.8214722,0.170733015
257,NA,NA,NA,forestry,forestry,Forestry_concession,NA,NA,NA,NA,NA,NA,NA,NA,NA,NA,limited,NA,NA,NA,NA,NA,NA,NA,NA,NA,NA,NA,NA,NA,NA,NA,NA,NA,NA,NA,NA,NA,NA,NA,NA,NA,NA,NA,NA,NA,NA,NA,NA,NA,NA,low,NA,low,NA,NA,NA,NA,NA,low,NA,NA,NA,NA,NA,low,NA,NA,NA,NA,NA,low,NA,NA,NA,low,NA,low,low,low,low,low,NA,NA,low,low,low,low,NA,NA,low,low,low,low,NA,24.69561345,32.8852202,8.189606755,0.002434694,908.7418256,3506,4,0,82.31914894,80.81997106,613.8214722,0.181527768
258,NA,NA,NA,forestry,forestry,Forestry_concession,NA,NA,NA,NA,NA,NA,NA,NA,NA,NA,limited,NA,NA,NA,NA,NA,NA,NA,NA,NA,NA,NA,NA,NA,NA,NA,NA,NA,NA,NA,NA,NA,NA,NA,NA,NA,NA,NA,NA,NA,NA,NA,NA,NA,NA,low,NA,low,NA,NA,NA,NA,NA,low,NA,NA,NA,NA,NA,low,NA,NA,NA,NA,NA,low,NA,NA,NA,low,NA,low,low,low,low,low,NA,NA,low,low,low,low,NA,NA,low,low,low,low,NA,14.07356412,18.74066607,4.667101945,5.51E-05,575.7782318,3506,4,0,40.83333333,112.7993029,624.787253,0.167175917
259,NA,NA,NA,forestry,forestry,Forestry_concession,NA,NA,NA,NA,NA,NA,NA,NA,NA,NA,limited,NA,NA,NA,NA,NA,NA,NA,NA,NA,NA,NA,NA,NA,NA,NA,NA,NA,NA,NA,NA,NA,NA,NA,NA,NA,NA,NA,NA,NA,NA,NA,NA,NA,NA,low,NA,low,NA,NA,NA,NA,NA,low,NA,NA,NA,NA,NA,low,NA,NA,NA,NA,NA,low,NA,NA,NA,low,NA,low,low,low,low,low,NA,NA,low,low,low,low,NA,NA,low,low,low,low,NA,11.11815508,14.80517858,3.687023508,0.001795745,60.84878049,3505.764706,3.76470588,0.007327523,41.30612245,136.226087,613.8214722,0.183676687
260,NA,NA,NA,forestry,forestry,Forestry_concession,NA,NA,NA,NA,NA,NA,NA,NA,NA,NA,limited,NA,NA,NA,NA,NA,NA,NA,NA,NA,NA,NA,NA,NA,NA,NA,NA,NA,NA,NA,NA,NA,NA,NA,NA,NA,NA,NA,NA,NA,NA,NA,NA,NA,NA,low,NA,low,NA,NA,NA,NA,NA,low,NA,NA,NA,NA,NA,low,NA,NA,NA,NA,NA,low,NA,NA,NA,low,NA,low,low,low,low,low,NA,NA,low,low,low,low,NA,NA,low,low,low,low,NA,41.7095371,55.54133295,13.83179585,0.012561702,972.6502385,3506,4,0,120.0425532,66.53949786,613.8214722,0.041006942
261,NA,NA,NA,cash_crop,other_agriculture,cash_crops,NA,yes,yes,yes,yes,NA,yes,yes,yes,extensive,limited,low,low,low,low,low,low,low,low,low,low,low,low,high,low,high,low,low,low,low,low,low,low,low,low,low,high,low,low,low,high,low,high,low,low,low,high,high,low,low,low,high,high,high,high,high,low,high,high,low,low,low,low,low,low,low,low,low,low,low,low,low,low,low,low,low,high,high,low,low,low,low,high,low,high,low,low,low,high,19.09875824,25.40308582,6.30432758,0.003346808,1367.069451,3506,4,0,79.59183673,126.2082735,856.4777448,0.162584868
262,NA,NA,NA,cash_crop,other_agriculture,cash_crops,NA,yes,yes,yes,yes,NA,yes,yes,yes,extensive,limited,low,low,low,low,low,low,low,low,low,low,low,low,high,low,high,low,low,low,low,low,low,low,low,low,low,high,low,low,low,high,low,high,low,low,low,high,high,low,low,low,high,high,high,high,high,low,high,high,low,low,low,low,low,low,low,low,low,low,low,low,low,low,low,low,low,high,high,low,low,low,low,high,low,high,low,low,low,high,17.40344424,23.17480716,5.771362922,0.000977551,1461.098592,3505.999455,3.99945489,1.66E-05,84.27083333,102.6243523,832.0219116,0.170162028
263,NA,NA,NA,cash_crop,other_agriculture,cash_crops,NA,yes,yes,yes,yes,NA,yes,yes,yes,extensive,limited,low,low,low,low,low,low,low,low,low,low,low,low,high,low,high,low,low,low,low,low,low,low,low,low,low,high,low,low,low,high,low,high,low,low,low,high,high,low,low,low,high,high,high,high,high,low,high,high,low,low,low,low,low,low,low,low,low,low,low,low,low,low,low,low,low,high,high,low,low,low,low,high,low,high,low,low,low,high,26.56408535,35.37331717,8.809231817,9.35E-05,2884.481818,3506,4,0,92.63043478,59.35096849,621.3859602,0.113545518
264,NA,NA,NA,cash_crop,other_agriculture,cash_crops,NA,yes,yes,yes,yes,NA,yes,yes,yes,extensive,limited,low,low,low,low,low,low,low,low,low,low,low,low,high,low,high,low,low,low,low,low,low,low,low,low,low,high,low,low,low,high,low,high,low,low,low,high,high,low,low,low,high,high,high,high,high,low,high,high,low,low,low,low,low,low,low,low,low,low,low,low,low,low,low,low,low,high,high,low,low,low,low,high,low,high,low,low,low,high,25.33218456,33.73289109,8.400706531,0.000147917,2983.26268,3506,4,0,95.47916667,60.18068806,613.8214722,0.123530086
265,NA,NA,NA,cash_crop,other_agriculture,cash_crops,NA,yes,yes,yes,yes,NA,yes,yes,yes,extensive,limited,low,low,low,low,low,low,low,low,low,low,low,low,high,low,high,low,low,low,low,low,low,low,low,low,low,high,low,low,low,high,low,high,low,low,low,high,high,low,low,low,high,high,high,high,high,low,high,high,low,low,low,low,low,low,low,low,low,low,low,low,low,low,low,low,low,high,high,low,low,low,low,high,low,high,low,low,low,high,11.27832009,15.01845806,3.740137976,0,979.8810308,3506,4,0,89.89795918,178.8098592,767.5067462,0.15511959
266,NA,NA,NA,cash_crop,other_agriculture,cash_crops,NA,yes,yes,yes,yes,NA,yes,yes,yes,extensive,limited,low,low,low,low,low,low,low,low,low,low,low,low,high,low,high,low,low,low,low,low,low,low,low,low,low,high,low,low,low,high,low,high,low,low,low,high,high,low,low,low,high,high,high,high,high,low,high,high,low,low,low,low,low,low,low,low,low,low,low,low,low,low,low,low,low,high,high,low,low,low,low,high,low,high,low,low,low,high,31.19304459,41.53734089,10.3442963,0.007077083,1326.583844,3506,4,0,70.97959184,77.1123464,794.7568557,0.116045518
267,NA,NA,NA,cash_crops,other_agriculture,cash_crops,no,yes,yes,yes,yes,limited,yes,yes,yes,extensive,extensive,low,low,low,low,low,low,low,low,low,low,low,low,high,low,high,low,low,low,low,low,low,low,low,low,low,high,high,low,low,high,low,high,low,low,low,high,low,low,low,low,low,low,low,low,low,low,low,low,low,low,low,low,low,low,high,high,low,low,low,high,low,low,low,low,low,high,low,low,low,low,low,high,low,high,low,low,low,high,16.13727518,21.1823297,5.045054517,0.005757778,1046.819028,3503.18465,1.18465046,0.411071423,124.2307692,234.9603873,2136.790604,0.068406632
268,NA,NA,NA,cash_crops,other_agriculture,cash_crops,no,yes,yes,yes,yes,limited,yes,yes,yes,extensive,extensive,low,low,low,low,low,low,low,low,low,low,low,low,high,low,high,low,low,low,low,low,low,low,low,low,low,high,high,low,low,high,low,high,low,low,low,high,low,low,low,low,low,low,low,low,low,low,low,low,low,low,low,low,low,low,high,high,low,low,low,high,low,low,low,low,low,high,low,low,low,low,low,high,low,high,low,low,low,high,18.04716573,23.53567536,5.488509637,0.006298077,1578.09214,3502.400404,0.40040394,0.712364465,98.88888889,231.6590443,3103.234159,0.027318671
269,NA,NA,NA,cash_crops,other_agriculture,cash_crops,no,yes,yes,yes,yes,limited,yes,yes,yes,extensive,extensive,low,low,low,low,low,low,low,low,low,low,low,low,high,low,high,low,low,low,low,low,low,low,low,low,low,high,high,low,low,high,low,high,low,low,low,high,low,low,low,low,low,low,low,low,low,low,low,low,low,low,low,low,low,low,high,high,low,low,low,high,low,low,low,low,low,high,low,low,low,low,low,high,low,high,low,low,low,high,9.204449291,11.99795949,2.7935102,0.000236957,745.7011481,3504.237714,2.23771368,0.135203796,73.32608696,169.7377581,3010.760979,0.158163572
270,NA,NA,NA,cash_crops,other_agriculture,cash_crops,no,yes,yes,yes,yes,limited,yes,yes,yes,extensive,extensive,low,low,low,low,low,low,low,low,low,low,low,low,high,low,high,low,low,low,low,low,low,low,low,low,low,high,high,low,low,high,low,high,low,low,low,high,low,low,low,low,low,low,low,low,low,low,low,low,low,low,low,low,low,low,high,high,low,low,low,high,low,low,low,low,low,high,low,low,low,low,low,high,low,high,low,low,low,high,199.058382,262.3264284,63.26804637,0.154008332,3021.479486,3506,4,0,118.2978723,91.62241277,1529.893799,0.014610339
271,NA,NA,NA,high_value_food_crops,high_value_food_crops,high_value_food_crops,yes,yes,yes,yes,yes,extensive,yes,yes,yes,extensive,extensive,high,high,high,high,high,high,high,low,low,low,low,low,low,low,low,low,low,low,low,low,low,low,low,low,low,low,high,low,high,high,low,high,high,low,low,high,low,low,low,low,low,low,low,low,low,low,low,low,low,low,low,low,low,low,low,low,low,low,low,low,low,low,low,low,low,high,high,high,low,low,low,high,low,low,low,low,low,low,193.1358869,254.5215501,61.38566325,0.237588235,3133.114415,3506,4,0,101.173913,53.43071386,1529.893799,0.021666665
